id,name,email,gender,status
8411656,Miraida,11kalyaka@example.com,female,active
8411646,Miraida,miraidaqq@gmail.com,female,active
8411626,Miraida,miraidaq@gmail.com,female,active
8411612,Miraida,miraida@gmail.com,female,active
8410060,Usha Ganaka,ganaka_usha@schmitt.example,female,inactive
8410059,Rukhmani Trivedi JD,jd_trivedi_rukhmani@legros-schowalter.example,female,inactive
8410058,Dhanadeepa Reddy,dhanadeepa_reddy@christiansen.test,female,active
8410053,Laxmi Mehra PhD,phd_laxmi_mehra@kerluke.example,female,inactive
8410052,Tanushri Nair,nair_tanushri@lueilwitz.example,female,active
8410051,Ms. Girish Khan,khan_girish_ms@kunde-nader.test,male,inactive
